<?xml version="1.0" encoding="UTF-8"?>
<project-private xmlns="http://www.netbeans.org/ns/project-private/1">
    <editor-bookmarks xmlns="http://www.netbeans.org/ns/editor-bookmarks/2" lastBookmarkId="0"/>
    <open-files xmlns="http://www.netbeans.org/ns/projectui-open-files/2">
        <group>
            <file>file:/Applications/MAMP/htdocs/Final/trucks.php</file>
            <file>file:/Applications/MAMP/htdocs/Final/logging.php</file>
            <file>file:/Applications/MAMP/htdocs/Final/upload.php</file>
            <file>file:/Applications/MAMP/htdocs/Final/vancouver.php</file>
            <file>file:/Applications/MAMP/htdocs/Final/abbotsford.php</file>
            <file>file:/Applications/MAMP/htdocs/Final/index.php</file>
            <file>file:/Applications/MAMP/htdocs/Final/connection.php</file>
            <file>file:/Applications/MAMP/htdocs/Final/registered.php</file>
            <file>file:/Applications/MAMP/htdocs/Final/Delete.php</file>
            <file>file:/Applications/MAMP/htdocs/Final/rental.php</file>
            <file>file:/Applications/MAMP/htdocs/Final/createaccount.php</file>
            <file>file:/Applications/MAMP/htdocs/Final/personal.php</file>
            <file>file:/Applications/MAMP/htdocs/Final/cars.php</file>
            <file>file:/Applications/MAMP/htdocs/Final/suvs.php</file>
        </group>
    </open-files>
</project-private>
